name,city,state,phone,email,website,confidence,next_action,gap_field,gap_category,gap_index,total_gaps_for_record
Juke Joint Festival,Clarksdale,MS,(662) 624-5992,info@jukejointfestival.com,https://www.jukejointfestival.com,High,Email info@jukejointfestival.com re: 2026 submission window opening Oct 15 and undercard fee structure,typical_fee_range_for_undercards,other,1,8
Juke Joint Festival,Clarksdale,MS,(662) 624-5992,info@jukejointfestival.com,https://www.jukejointfestival.com,High,Email info@jukejointfestival.com re: 2026 submission window opening Oct 15 and undercard fee structure,typical_fee_range_for_headliners,other,2,8
Juke Joint Festival,Clarksdale,MS,(662) 624-5992,info@jukejointfestival.com,https://www.jukejointfestival.com,High,Email info@jukejointfestival.com re: 2026 submission window opening Oct 15 and undercard fee structure,annual_budget_estimate,other,3,8
Juke Joint Festival,Clarksdale,MS,(662) 624-5992,info@jukejointfestival.com,https://www.jukejointfestival.com,High,Email info@jukejointfestival.com re: 2026 submission window opening Oct 15 and undercard fee structure,sponsorship_contact,other,4,8
Juke Joint Festival,Clarksdale,MS,(662) 624-5992,info@jukejointfestival.com,https://www.jukejointfestival.com,High,Email info@jukejointfestival.com re: 2026 submission window opening Oct 15 and undercard fee structure,artist_hospitality_notes,other,5,8
Juke Joint Festival,Clarksdale,MS,(662) 624-5992,info@jukejointfestival.com,https://www.jukejointfestival.com,High,Email info@jukejointfestival.com re: 2026 submission window opening Oct 15 and undercard fee structure,talent_buyer_name,other,6,8
Juke Joint Festival,Clarksdale,MS,(662) 624-5992,info@jukejointfestival.com,https://www.jukejointfestival.com,High,Email info@jukejointfestival.com re: 2026 submission window opening Oct 15 and undercard fee structure,typical_attendance,other,7,8
Juke Joint Festival,Clarksdale,MS,(662) 624-5992,info@jukejointfestival.com,https://www.jukejointfestival.com,High,Email info@jukejointfestival.com re: 2026 submission window opening Oct 15 and undercard fee structure,peak_attendance,other,8,8
King Biscuit Blues Festival,Helena,AR,(870) 572-5223,Booking@KingBiscuitFestival.com,https://kingbiscuitfestival.com,High,Email Booking@KingBiscuitFestival.com re: 2026 undercard submission process; mention HeavyDrunk's prior King Biscuit Week presence at Bluesberry Cafe,typical_fee_range_for_undercards,other,1,10
King Biscuit Blues Festival,Helena,AR,(870) 572-5223,Booking@KingBiscuitFestival.com,https://kingbiscuitfestival.com,High,Email Booking@KingBiscuitFestival.com re: 2026 undercard submission process; mention HeavyDrunk's prior King Biscuit Week presence at Bluesberry Cafe,typical_fee_range_for_headliners,other,2,10
King Biscuit Blues Festival,Helena,AR,(870) 572-5223,Booking@KingBiscuitFestival.com,https://kingbiscuitfestival.com,High,Email Booking@KingBiscuitFestival.com re: 2026 undercard submission process; mention HeavyDrunk's prior King Biscuit Week presence at Bluesberry Cafe,annual_budget_estimate,other,3,10
King Biscuit Blues Festival,Helena,AR,(870) 572-5223,Booking@KingBiscuitFestival.com,https://kingbiscuitfestival.com,High,Email Booking@KingBiscuitFestival.com re: 2026 undercard submission process; mention HeavyDrunk's prior King Biscuit Week presence at Bluesberry Cafe,sponsorship_contact,other,4,10
King Biscuit Blues Festival,Helena,AR,(870) 572-5223,Booking@KingBiscuitFestival.com,https://kingbiscuitfestival.com,High,Email Booking@KingBiscuitFestival.com re: 2026 undercard submission process; mention HeavyDrunk's prior King Biscuit Week presence at Bluesberry Cafe,artist_hospitality_notes,other,5,10
King Biscuit Blues Festival,Helena,AR,(870) 572-5223,Booking@KingBiscuitFestival.com,https://kingbiscuitfestival.com,High,Email Booking@KingBiscuitFestival.com re: 2026 undercard submission process; mention HeavyDrunk's prior King Biscuit Week presence at Bluesberry Cafe,talent_buyer_name,other,6,10
King Biscuit Blues Festival,Helena,AR,(870) 572-5223,Booking@KingBiscuitFestival.com,https://kingbiscuitfestival.com,High,Email Booking@KingBiscuitFestival.com re: 2026 undercard submission process; mention HeavyDrunk's prior King Biscuit Week presence at Bluesberry Cafe,typical_attendance,other,7,10
King Biscuit Blues Festival,Helena,AR,(870) 572-5223,Booking@KingBiscuitFestival.com,https://kingbiscuitfestival.com,High,Email Booking@KingBiscuitFestival.com re: 2026 undercard submission process; mention HeavyDrunk's prior King Biscuit Week presence at Bluesberry Cafe,peak_attendance,other,8,10
King Biscuit Blues Festival,Helena,AR,(870) 572-5223,Booking@KingBiscuitFestival.com,https://kingbiscuitfestival.com,High,Email Booking@KingBiscuitFestival.com re: 2026 undercard submission process; mention HeavyDrunk's prior King Biscuit Week presence at Bluesberry Cafe,number_of_stages,other,9,10
King Biscuit Blues Festival,Helena,AR,(870) 572-5223,Booking@KingBiscuitFestival.com,https://kingbiscuitfestival.com,High,Email Booking@KingBiscuitFestival.com re: 2026 undercard submission process; mention HeavyDrunk's prior King Biscuit Week presence at Bluesberry Cafe,submissions_open,other,10,10
Sunflower River Blues & Gospel Festival,Clarksdale,MS,,,https://www.sunflowerfest.org,High,Submit via sunflowerfest.org contact form to inquire about 2026 artist submissions and booking process,typical_fee_range_for_undercards,other,1,9
Sunflower River Blues & Gospel Festival,Clarksdale,MS,,,https://www.sunflowerfest.org,High,Submit via sunflowerfest.org contact form to inquire about 2026 artist submissions and booking process,typical_fee_range_for_headliners,other,2,9
Sunflower River Blues & Gospel Festival,Clarksdale,MS,,,https://www.sunflowerfest.org,High,Submit via sunflowerfest.org contact form to inquire about 2026 artist submissions and booking process,annual_budget_estimate,other,3,9
Sunflower River Blues & Gospel Festival,Clarksdale,MS,,,https://www.sunflowerfest.org,High,Submit via sunflowerfest.org contact form to inquire about 2026 artist submissions and booking process,sponsorship_contact,other,4,9
Sunflower River Blues & Gospel Festival,Clarksdale,MS,,,https://www.sunflowerfest.org,High,Submit via sunflowerfest.org contact form to inquire about 2026 artist submissions and booking process,artist_hospitality_notes,other,5,9
Sunflower River Blues & Gospel Festival,Clarksdale,MS,,,https://www.sunflowerfest.org,High,Submit via sunflowerfest.org contact form to inquire about 2026 artist submissions and booking process,talent_buyer_name,other,6,9
Sunflower River Blues & Gospel Festival,Clarksdale,MS,,,https://www.sunflowerfest.org,High,Submit via sunflowerfest.org contact form to inquire about 2026 artist submissions and booking process,accepts_direct_submissions,other,7,9
Sunflower River Blues & Gospel Festival,Clarksdale,MS,,,https://www.sunflowerfest.org,High,Submit via sunflowerfest.org contact form to inquire about 2026 artist submissions and booking process,submission_window,other,8,9
Sunflower River Blues & Gospel Festival,Clarksdale,MS,,,https://www.sunflowerfest.org,High,Submit via sunflowerfest.org contact form to inquire about 2026 artist submissions and booking process,organizer,other,9,9
Mississippi Delta Blues & Heritage Festival,Greenville,MS,(662) 335-3523,,https://www.deltabluesms.org,High,Call Chauncy Wright at (662) 645-7045 re: 2026 undercard booking process and submission timeline,typical_fee_range_for_undercards,other,1,7
Mississippi Delta Blues & Heritage Festival,Greenville,MS,(662) 335-3523,,https://www.deltabluesms.org,High,Call Chauncy Wright at (662) 645-7045 re: 2026 undercard booking process and submission timeline,typical_fee_range_for_headliners,other,2,7
Mississippi Delta Blues & Heritage Festival,Greenville,MS,(662) 335-3523,,https://www.deltabluesms.org,High,Call Chauncy Wright at (662) 645-7045 re: 2026 undercard booking process and submission timeline,annual_budget_estimate,other,3,7
Mississippi Delta Blues & Heritage Festival,Greenville,MS,(662) 335-3523,,https://www.deltabluesms.org,High,Call Chauncy Wright at (662) 645-7045 re: 2026 undercard booking process and submission timeline,sponsorship_contact,other,4,7
Mississippi Delta Blues & Heritage Festival,Greenville,MS,(662) 335-3523,,https://www.deltabluesms.org,High,Call Chauncy Wright at (662) 645-7045 re: 2026 undercard booking process and submission timeline,artist_hospitality_notes,other,5,7
Mississippi Delta Blues & Heritage Festival,Greenville,MS,(662) 335-3523,,https://www.deltabluesms.org,High,Call Chauncy Wright at (662) 645-7045 re: 2026 undercard booking process and submission timeline,talent_buyer_email,other,6,7
Mississippi Delta Blues & Heritage Festival,Greenville,MS,(662) 335-3523,,https://www.deltabluesms.org,High,Call Chauncy Wright at (662) 645-7045 re: 2026 undercard booking process and submission timeline,accepts_direct_submissions,other,7,7
Mighty Mississippi Music Festival,Greenville,MS,(662) 347-2920,,,Low,Call Greenville–Washington County CVB to verify dormancy and ask if any revival is planned before booking resources are allocated,typical_fee_range_for_undercards,other,1,8
Mighty Mississippi Music Festival,Greenville,MS,(662) 347-2920,,,Low,Call Greenville–Washington County CVB to verify dormancy and ask if any revival is planned before booking resources are allocated,typical_fee_range_for_headliners,other,2,8
Mighty Mississippi Music Festival,Greenville,MS,(662) 347-2920,,,Low,Call Greenville–Washington County CVB to verify dormancy and ask if any revival is planned before booking resources are allocated,annual_budget_estimate,other,3,8
Mighty Mississippi Music Festival,Greenville,MS,(662) 347-2920,,,Low,Call Greenville–Washington County CVB to verify dormancy and ask if any revival is planned before booking resources are allocated,sponsorship_contact,other,4,8
Mighty Mississippi Music Festival,Greenville,MS,(662) 347-2920,,,Low,Call Greenville–Washington County CVB to verify dormancy and ask if any revival is planned before booking resources are allocated,artist_hospitality_notes,other,5,8
Mighty Mississippi Music Festival,Greenville,MS,(662) 347-2920,,,Low,Call Greenville–Washington County CVB to verify dormancy and ask if any revival is planned before booking resources are allocated,current_status_confirmation,other,6,8
Mighty Mississippi Music Festival,Greenville,MS,(662) 347-2920,,,Low,Call Greenville–Washington County CVB to verify dormancy and ask if any revival is planned before booking resources are allocated,website,other,7,8
Mighty Mississippi Music Festival,Greenville,MS,(662) 347-2920,,,Low,Call Greenville–Washington County CVB to verify dormancy and ask if any revival is planned before booking resources are allocated,organizer_contact,other,8,8
B.B. King Homecoming Festival,Indianola,MS,(662) 887-9539,info@bbkingmuseum.org,https://bbkingmuseum.org,Low,Call B.B. King Museum at (662) 887-9539 or email info@bbkingmuseum.org to ask whether traditional Homecoming Festival format will return and what programming exists for 2026,typical_fee_range_for_undercards,other,1,7
B.B. King Homecoming Festival,Indianola,MS,(662) 887-9539,info@bbkingmuseum.org,https://bbkingmuseum.org,Low,Call B.B. King Museum at (662) 887-9539 or email info@bbkingmuseum.org to ask whether traditional Homecoming Festival format will return and what programming exists for 2026,typical_fee_range_for_headliners,other,2,7
B.B. King Homecoming Festival,Indianola,MS,(662) 887-9539,info@bbkingmuseum.org,https://bbkingmuseum.org,Low,Call B.B. King Museum at (662) 887-9539 or email info@bbkingmuseum.org to ask whether traditional Homecoming Festival format will return and what programming exists for 2026,annual_budget_estimate,other,3,7
B.B. King Homecoming Festival,Indianola,MS,(662) 887-9539,info@bbkingmuseum.org,https://bbkingmuseum.org,Low,Call B.B. King Museum at (662) 887-9539 or email info@bbkingmuseum.org to ask whether traditional Homecoming Festival format will return and what programming exists for 2026,sponsorship_contact,other,4,7
B.B. King Homecoming Festival,Indianola,MS,(662) 887-9539,info@bbkingmuseum.org,https://bbkingmuseum.org,Low,Call B.B. King Museum at (662) 887-9539 or email info@bbkingmuseum.org to ask whether traditional Homecoming Festival format will return and what programming exists for 2026,artist_hospitality_notes,other,5,7
B.B. King Homecoming Festival,Indianola,MS,(662) 887-9539,info@bbkingmuseum.org,https://bbkingmuseum.org,Low,Call B.B. King Museum at (662) 887-9539 or email info@bbkingmuseum.org to ask whether traditional Homecoming Festival format will return and what programming exists for 2026,festival_revival_status,other,6,7
B.B. King Homecoming Festival,Indianola,MS,(662) 887-9539,info@bbkingmuseum.org,https://bbkingmuseum.org,Low,Call B.B. King Museum at (662) 887-9539 or email info@bbkingmuseum.org to ask whether traditional Homecoming Festival format will return and what programming exists for 2026,next_edition_dates,other,7,7
Deep Blues Festival,Clarksdale,MS,,info@deepbluesfestival.com,https://www.deepbluesfestival.com,Low,Email info@deepbluesfestival.com to confirm whether 2026 edition is planned under new producer and who the new contact is,typical_fee_range_for_undercards,other,1,7
Deep Blues Festival,Clarksdale,MS,,info@deepbluesfestival.com,https://www.deepbluesfestival.com,Low,Email info@deepbluesfestival.com to confirm whether 2026 edition is planned under new producer and who the new contact is,typical_fee_range_for_headliners,other,2,7
Deep Blues Festival,Clarksdale,MS,,info@deepbluesfestival.com,https://www.deepbluesfestival.com,Low,Email info@deepbluesfestival.com to confirm whether 2026 edition is planned under new producer and who the new contact is,annual_budget_estimate,other,3,7
Deep Blues Festival,Clarksdale,MS,,info@deepbluesfestival.com,https://www.deepbluesfestival.com,Low,Email info@deepbluesfestival.com to confirm whether 2026 edition is planned under new producer and who the new contact is,sponsorship_contact,other,4,7
Deep Blues Festival,Clarksdale,MS,,info@deepbluesfestival.com,https://www.deepbluesfestival.com,Low,Email info@deepbluesfestival.com to confirm whether 2026 edition is planned under new producer and who the new contact is,artist_hospitality_notes,other,5,7
Deep Blues Festival,Clarksdale,MS,,info@deepbluesfestival.com,https://www.deepbluesfestival.com,Low,Email info@deepbluesfestival.com to confirm whether 2026 edition is planned under new producer and who the new contact is,2026_status_confirmation,other,6,7
Deep Blues Festival,Clarksdale,MS,,info@deepbluesfestival.com,https://www.deepbluesfestival.com,Low,Email info@deepbluesfestival.com to confirm whether 2026 edition is planned under new producer and who the new contact is,new_producer_contact,other,7,7
Bentonia Blues Festival,Bentonia,MS,,,https://bentoniablues.com/bfest.html,High,Contact Blue Front Cafe via Facebook @bluefrontcafeblues re: 2026 supporting act booking for the Bentonia Blues Festival,typical_fee_range_for_undercards,other,1,8
Bentonia Blues Festival,Bentonia,MS,,,https://bentoniablues.com/bfest.html,High,Contact Blue Front Cafe via Facebook @bluefrontcafeblues re: 2026 supporting act booking for the Bentonia Blues Festival,typical_fee_range_for_headliners,other,2,8
Bentonia Blues Festival,Bentonia,MS,,,https://bentoniablues.com/bfest.html,High,Contact Blue Front Cafe via Facebook @bluefrontcafeblues re: 2026 supporting act booking for the Bentonia Blues Festival,annual_budget_estimate,other,3,8
Bentonia Blues Festival,Bentonia,MS,,,https://bentoniablues.com/bfest.html,High,Contact Blue Front Cafe via Facebook @bluefrontcafeblues re: 2026 supporting act booking for the Bentonia Blues Festival,sponsorship_contact,other,4,8
Bentonia Blues Festival,Bentonia,MS,,,https://bentoniablues.com/bfest.html,High,Contact Blue Front Cafe via Facebook @bluefrontcafeblues re: 2026 supporting act booking for the Bentonia Blues Festival,artist_hospitality_notes,other,5,8
Bentonia Blues Festival,Bentonia,MS,,,https://bentoniablues.com/bfest.html,High,Contact Blue Front Cafe via Facebook @bluefrontcafeblues re: 2026 supporting act booking for the Bentonia Blues Festival,accepts_direct_submissions,other,6,8
Bentonia Blues Festival,Bentonia,MS,,,https://bentoniablues.com/bfest.html,High,Contact Blue Front Cafe via Facebook @bluefrontcafeblues re: 2026 supporting act booking for the Bentonia Blues Festival,phone,other,7,8
Bentonia Blues Festival,Bentonia,MS,,,https://bentoniablues.com/bfest.html,High,Contact Blue Front Cafe via Facebook @bluefrontcafeblues re: 2026 supporting act booking for the Bentonia Blues Festival,email,other,8,8
Highway 61 Blues Festival,Leland,MS,,,http://www.highway61blues.com,Medium,Contact Visit Leland via visitlelandms.com to ask about 2026 artist submissions for the 25th Annual festival,typical_fee_range_for_undercards,other,1,7
Highway 61 Blues Festival,Leland,MS,,,http://www.highway61blues.com,Medium,Contact Visit Leland via visitlelandms.com to ask about 2026 artist submissions for the 25th Annual festival,typical_fee_range_for_headliners,other,2,7
Highway 61 Blues Festival,Leland,MS,,,http://www.highway61blues.com,Medium,Contact Visit Leland via visitlelandms.com to ask about 2026 artist submissions for the 25th Annual festival,annual_budget_estimate,other,3,7
Highway 61 Blues Festival,Leland,MS,,,http://www.highway61blues.com,Medium,Contact Visit Leland via visitlelandms.com to ask about 2026 artist submissions for the 25th Annual festival,sponsorship_contact,other,4,7
Highway 61 Blues Festival,Leland,MS,,,http://www.highway61blues.com,Medium,Contact Visit Leland via visitlelandms.com to ask about 2026 artist submissions for the 25th Annual festival,artist_hospitality_notes,other,5,7
Highway 61 Blues Festival,Leland,MS,,,http://www.highway61blues.com,Medium,Contact Visit Leland via visitlelandms.com to ask about 2026 artist submissions for the 25th Annual festival,talent_buyer_name,other,6,7
Highway 61 Blues Festival,Leland,MS,,,http://www.highway61blues.com,Medium,Contact Visit Leland via visitlelandms.com to ask about 2026 artist submissions for the 25th Annual festival,accepts_direct_submissions,other,7,7
Crossroads Blues Festival,Clarksdale,MS,(662) 627-6149,crossroads@visitclarksdale.com,https://www.visitclarksdale.com,Medium,Email crossroads@visitclarksdale.com re: 2026 artist submission process and booking contact name,typical_fee_range_for_undercards,other,1,8
Crossroads Blues Festival,Clarksdale,MS,(662) 627-6149,crossroads@visitclarksdale.com,https://www.visitclarksdale.com,Medium,Email crossroads@visitclarksdale.com re: 2026 artist submission process and booking contact name,typical_fee_range_for_headliners,other,2,8
Crossroads Blues Festival,Clarksdale,MS,(662) 627-6149,crossroads@visitclarksdale.com,https://www.visitclarksdale.com,Medium,Email crossroads@visitclarksdale.com re: 2026 artist submission process and booking contact name,annual_budget_estimate,other,3,8
Crossroads Blues Festival,Clarksdale,MS,(662) 627-6149,crossroads@visitclarksdale.com,https://www.visitclarksdale.com,Medium,Email crossroads@visitclarksdale.com re: 2026 artist submission process and booking contact name,sponsorship_contact,other,4,8
Crossroads Blues Festival,Clarksdale,MS,(662) 627-6149,crossroads@visitclarksdale.com,https://www.visitclarksdale.com,Medium,Email crossroads@visitclarksdale.com re: 2026 artist submission process and booking contact name,artist_hospitality_notes,other,5,8
Crossroads Blues Festival,Clarksdale,MS,(662) 627-6149,crossroads@visitclarksdale.com,https://www.visitclarksdale.com,Medium,Email crossroads@visitclarksdale.com re: 2026 artist submission process and booking contact name,talent_buyer_name,other,6,8
Crossroads Blues Festival,Clarksdale,MS,(662) 627-6149,crossroads@visitclarksdale.com,https://www.visitclarksdale.com,Medium,Email crossroads@visitclarksdale.com re: 2026 artist submission process and booking contact name,accepts_direct_submissions,other,7,8
Crossroads Blues Festival,Clarksdale,MS,(662) 627-6149,crossroads@visitclarksdale.com,https://www.visitclarksdale.com,Medium,Email crossroads@visitclarksdale.com re: 2026 artist submission process and booking contact name,year_founded,other,8,8
International Blues Challenge,Memphis,TN,(901) 527-2583,,https://blues.org/international-blues-challenge/,High,Call Blues Foundation at (901) 527-2583 to ask about affiliated blues society sponsorship pathway for IBC 2026 entry for corridor-based artists,typical_fee_range_for_undercards,other,1,7
International Blues Challenge,Memphis,TN,(901) 527-2583,,https://blues.org/international-blues-challenge/,High,Call Blues Foundation at (901) 527-2583 to ask about affiliated blues society sponsorship pathway for IBC 2026 entry for corridor-based artists,typical_fee_range_for_headliners,other,2,7
International Blues Challenge,Memphis,TN,(901) 527-2583,,https://blues.org/international-blues-challenge/,High,Call Blues Foundation at (901) 527-2583 to ask about affiliated blues society sponsorship pathway for IBC 2026 entry for corridor-based artists,annual_budget_estimate,other,3,7
International Blues Challenge,Memphis,TN,(901) 527-2583,,https://blues.org/international-blues-challenge/,High,Call Blues Foundation at (901) 527-2583 to ask about affiliated blues society sponsorship pathway for IBC 2026 entry for corridor-based artists,sponsorship_contact,other,4,7
International Blues Challenge,Memphis,TN,(901) 527-2583,,https://blues.org/international-blues-challenge/,High,Call Blues Foundation at (901) 527-2583 to ask about affiliated blues society sponsorship pathway for IBC 2026 entry for corridor-based artists,artist_hospitality_notes,other,5,7
International Blues Challenge,Memphis,TN,(901) 527-2583,,https://blues.org/international-blues-challenge/,High,Call Blues Foundation at (901) 527-2583 to ask about affiliated blues society sponsorship pathway for IBC 2026 entry for corridor-based artists,typical_attendance,other,6,7
International Blues Challenge,Memphis,TN,(901) 527-2583,,https://blues.org/international-blues-challenge/,High,Call Blues Foundation at (901) 527-2583 to ask about affiliated blues society sponsorship pathway for IBC 2026 entry for corridor-based artists,talent_buyer_email,other,7,7
Beale Street Music Festival,Memphis,TN,(901) 525-4611,,https://memphisinmay.org,Low,Monitor memphisinmay.org for 2026 lineup and dates announcement; contact (901) 525-4611 when 2026 plans firm up,typical_fee_range_for_undercards,other,1,8
Beale Street Music Festival,Memphis,TN,(901) 525-4611,,https://memphisinmay.org,Low,Monitor memphisinmay.org for 2026 lineup and dates announcement; contact (901) 525-4611 when 2026 plans firm up,typical_fee_range_for_headliners,other,2,8
Beale Street Music Festival,Memphis,TN,(901) 525-4611,,https://memphisinmay.org,Low,Monitor memphisinmay.org for 2026 lineup and dates announcement; contact (901) 525-4611 when 2026 plans firm up,annual_budget_estimate,other,3,8
Beale Street Music Festival,Memphis,TN,(901) 525-4611,,https://memphisinmay.org,Low,Monitor memphisinmay.org for 2026 lineup and dates announcement; contact (901) 525-4611 when 2026 plans firm up,sponsorship_contact,other,4,8
Beale Street Music Festival,Memphis,TN,(901) 525-4611,,https://memphisinmay.org,Low,Monitor memphisinmay.org for 2026 lineup and dates announcement; contact (901) 525-4611 when 2026 plans firm up,artist_hospitality_notes,other,5,8
Beale Street Music Festival,Memphis,TN,(901) 525-4611,,https://memphisinmay.org,Low,Monitor memphisinmay.org for 2026 lineup and dates announcement; contact (901) 525-4611 when 2026 plans firm up,next_edition_dates,other,6,8
Beale Street Music Festival,Memphis,TN,(901) 525-4611,,https://memphisinmay.org,Low,Monitor memphisinmay.org for 2026 lineup and dates announcement; contact (901) 525-4611 when 2026 plans firm up,2026_lineup_announcement,other,7,8
Beale Street Music Festival,Memphis,TN,(901) 525-4611,,https://memphisinmay.org,Low,Monitor memphisinmay.org for 2026 lineup and dates announcement; contact (901) 525-4611 when 2026 plans firm up,talent_buyer_email,other,8,8
Baton Rouge Blues Festival,Baton Rouge,LA,,lauren@brblues.org,https://www.brblues.org,High,Submit via brblues.org/get-booked portal or email lauren@brblues.org re: 2026 artist submissions and timeline,typical_fee_range_for_undercards,other,1,6
Baton Rouge Blues Festival,Baton Rouge,LA,,lauren@brblues.org,https://www.brblues.org,High,Submit via brblues.org/get-booked portal or email lauren@brblues.org re: 2026 artist submissions and timeline,typical_fee_range_for_headliners,other,2,6
Baton Rouge Blues Festival,Baton Rouge,LA,,lauren@brblues.org,https://www.brblues.org,High,Submit via brblues.org/get-booked portal or email lauren@brblues.org re: 2026 artist submissions and timeline,annual_budget_estimate,other,3,6
Baton Rouge Blues Festival,Baton Rouge,LA,,lauren@brblues.org,https://www.brblues.org,High,Submit via brblues.org/get-booked portal or email lauren@brblues.org re: 2026 artist submissions and timeline,artist_hospitality_notes,other,4,6
Baton Rouge Blues Festival,Baton Rouge,LA,,lauren@brblues.org,https://www.brblues.org,High,Submit via brblues.org/get-booked portal or email lauren@brblues.org re: 2026 artist submissions and timeline,talent_buyer_name,other,5,6
Baton Rouge Blues Festival,Baton Rouge,LA,,lauren@brblues.org,https://www.brblues.org,High,Submit via brblues.org/get-booked portal or email lauren@brblues.org re: 2026 artist submissions and timeline,year_founded,other,6,6
Sam Chatmon Blues Festival,Hollandale,MS,(662) 827-2241,,,Medium,Call (662) 827-2241 or message Facebook @SamChatmonBlues re: 2026 booking process,typical_fee_range_for_undercards,other,1,9
Sam Chatmon Blues Festival,Hollandale,MS,(662) 827-2241,,,Medium,Call (662) 827-2241 or message Facebook @SamChatmonBlues re: 2026 booking process,typical_fee_range_for_headliners,other,2,9
Sam Chatmon Blues Festival,Hollandale,MS,(662) 827-2241,,,Medium,Call (662) 827-2241 or message Facebook @SamChatmonBlues re: 2026 booking process,annual_budget_estimate,other,3,9
Sam Chatmon Blues Festival,Hollandale,MS,(662) 827-2241,,,Medium,Call (662) 827-2241 or message Facebook @SamChatmonBlues re: 2026 booking process,sponsorship_contact,other,4,9
Sam Chatmon Blues Festival,Hollandale,MS,(662) 827-2241,,,Medium,Call (662) 827-2241 or message Facebook @SamChatmonBlues re: 2026 booking process,artist_hospitality_notes,other,5,9
Sam Chatmon Blues Festival,Hollandale,MS,(662) 827-2241,,,Medium,Call (662) 827-2241 or message Facebook @SamChatmonBlues re: 2026 booking process,talent_buyer_name,other,6,9
Sam Chatmon Blues Festival,Hollandale,MS,(662) 827-2241,,,Medium,Call (662) 827-2241 or message Facebook @SamChatmonBlues re: 2026 booking process,accepts_direct_submissions,other,7,9
Sam Chatmon Blues Festival,Hollandale,MS,(662) 827-2241,,,Medium,Call (662) 827-2241 or message Facebook @SamChatmonBlues re: 2026 booking process,organizer,other,8,9
Sam Chatmon Blues Festival,Hollandale,MS,(662) 827-2241,,,Medium,Call (662) 827-2241 or message Facebook @SamChatmonBlues re: 2026 booking process,website,other,9,9
Double Decker Arts Festival,Oxford,MS,(662) 232-2477,,https://visitoxfordms.com/double-decker-festival/,High,Call (662) 232-2477 to identify talent buyer name and ask about 2026 artist submission process,typical_fee_range_for_undercards,other,1,7
Double Decker Arts Festival,Oxford,MS,(662) 232-2477,,https://visitoxfordms.com/double-decker-festival/,High,Call (662) 232-2477 to identify talent buyer name and ask about 2026 artist submission process,typical_fee_range_for_headliners,other,2,7
Double Decker Arts Festival,Oxford,MS,(662) 232-2477,,https://visitoxfordms.com/double-decker-festival/,High,Call (662) 232-2477 to identify talent buyer name and ask about 2026 artist submission process,annual_budget_estimate,other,3,7
Double Decker Arts Festival,Oxford,MS,(662) 232-2477,,https://visitoxfordms.com/double-decker-festival/,High,Call (662) 232-2477 to identify talent buyer name and ask about 2026 artist submission process,sponsorship_contact,other,4,7
Double Decker Arts Festival,Oxford,MS,(662) 232-2477,,https://visitoxfordms.com/double-decker-festival/,High,Call (662) 232-2477 to identify talent buyer name and ask about 2026 artist submission process,artist_hospitality_notes,other,5,7
Double Decker Arts Festival,Oxford,MS,(662) 232-2477,,https://visitoxfordms.com/double-decker-festival/,High,Call (662) 232-2477 to identify talent buyer name and ask about 2026 artist submission process,talent_buyer_name,other,6,7
Double Decker Arts Festival,Oxford,MS,(662) 232-2477,,https://visitoxfordms.com/double-decker-festival/,High,Call (662) 232-2477 to identify talent buyer name and ask about 2026 artist submission process,accepts_direct_submissions,other,7,7
Americanafest,Nashville,TN,,,https://americanamusic.org/americanafest/,High,Check americanamusic.org for 2026 showcase submission portal opening (typically spring); investigate membership/showcase application process,typical_fee_range_for_undercards,other,1,7
Americanafest,Nashville,TN,,,https://americanamusic.org/americanafest/,High,Check americanamusic.org for 2026 showcase submission portal opening (typically spring); investigate membership/showcase application process,typical_fee_range_for_headliners,other,2,7
Americanafest,Nashville,TN,,,https://americanamusic.org/americanafest/,High,Check americanamusic.org for 2026 showcase submission portal opening (typically spring); investigate membership/showcase application process,annual_budget_estimate,other,3,7
Americanafest,Nashville,TN,,,https://americanamusic.org/americanafest/,High,Check americanamusic.org for 2026 showcase submission portal opening (typically spring); investigate membership/showcase application process,sponsorship_contact,other,4,7
Americanafest,Nashville,TN,,,https://americanamusic.org/americanafest/,High,Check americanamusic.org for 2026 showcase submission portal opening (typically spring); investigate membership/showcase application process,artist_hospitality_notes,other,5,7
Americanafest,Nashville,TN,,,https://americanamusic.org/americanafest/,High,Check americanamusic.org for 2026 showcase submission portal opening (typically spring); investigate membership/showcase application process,accepts_direct_submissions,other,6,7
Americanafest,Nashville,TN,,,https://americanamusic.org/americanafest/,High,Check americanamusic.org for 2026 showcase submission portal opening (typically spring); investigate membership/showcase application process,submission_window,other,7,7
Arkansas Folk Festival,Mountain View,AR,,,https://mountainviewarkansas.com/arkansasfolkfest,High,Contact Arkansas Craft Guild via arkansascraftguild.org re: 2026 folk music performer application process,typical_fee_range_for_undercards,other,1,7
Arkansas Folk Festival,Mountain View,AR,,,https://mountainviewarkansas.com/arkansasfolkfest,High,Contact Arkansas Craft Guild via arkansascraftguild.org re: 2026 folk music performer application process,typical_fee_range_for_headliners,other,2,7
Arkansas Folk Festival,Mountain View,AR,,,https://mountainviewarkansas.com/arkansasfolkfest,High,Contact Arkansas Craft Guild via arkansascraftguild.org re: 2026 folk music performer application process,annual_budget_estimate,other,3,7
Arkansas Folk Festival,Mountain View,AR,,,https://mountainviewarkansas.com/arkansasfolkfest,High,Contact Arkansas Craft Guild via arkansascraftguild.org re: 2026 folk music performer application process,sponsorship_contact,other,4,7
Arkansas Folk Festival,Mountain View,AR,,,https://mountainviewarkansas.com/arkansasfolkfest,High,Contact Arkansas Craft Guild via arkansascraftguild.org re: 2026 folk music performer application process,artist_hospitality_notes,other,5,7
Arkansas Folk Festival,Mountain View,AR,,,https://mountainviewarkansas.com/arkansasfolkfest,High,Contact Arkansas Craft Guild via arkansascraftguild.org re: 2026 folk music performer application process,talent_buyer_name,other,6,7
Arkansas Folk Festival,Mountain View,AR,,,https://mountainviewarkansas.com/arkansasfolkfest,High,Contact Arkansas Craft Guild via arkansascraftguild.org re: 2026 folk music performer application process,accepts_direct_submissions,other,7,7
New Orleans Jazz & Heritage Festival,New Orleans,LA,(504) 265-0147,development@jazzandheritage.org,https://www.nojazzfest.com,High,Contact development@jazzandheritage.org re: artist submission pathway for Louisiana Heritage stages; direct booking not public-facing,typical_fee_range_for_undercards,other,1,7
New Orleans Jazz & Heritage Festival,New Orleans,LA,(504) 265-0147,development@jazzandheritage.org,https://www.nojazzfest.com,High,Contact development@jazzandheritage.org re: artist submission pathway for Louisiana Heritage stages; direct booking not public-facing,typical_fee_range_for_headliners,other,2,7
New Orleans Jazz & Heritage Festival,New Orleans,LA,(504) 265-0147,development@jazzandheritage.org,https://www.nojazzfest.com,High,Contact development@jazzandheritage.org re: artist submission pathway for Louisiana Heritage stages; direct booking not public-facing,annual_budget_estimate,other,3,7
New Orleans Jazz & Heritage Festival,New Orleans,LA,(504) 265-0147,development@jazzandheritage.org,https://www.nojazzfest.com,High,Contact development@jazzandheritage.org re: artist submission pathway for Louisiana Heritage stages; direct booking not public-facing,artist_hospitality_notes,other,4,7
New Orleans Jazz & Heritage Festival,New Orleans,LA,(504) 265-0147,development@jazzandheritage.org,https://www.nojazzfest.com,High,Contact development@jazzandheritage.org re: artist submission pathway for Louisiana Heritage stages; direct booking not public-facing,talent_buyer_name,other,5,7
New Orleans Jazz & Heritage Festival,New Orleans,LA,(504) 265-0147,development@jazzandheritage.org,https://www.nojazzfest.com,High,Contact development@jazzandheritage.org re: artist submission pathway for Louisiana Heritage stages; direct booking not public-facing,talent_buyer_email,other,6,7
New Orleans Jazz & Heritage Festival,New Orleans,LA,(504) 265-0147,development@jazzandheritage.org,https://www.nojazzfest.com,High,Contact development@jazzandheritage.org re: artist submission pathway for Louisiana Heritage stages; direct booking not public-facing,accepts_direct_submissions_pathway,other,7,7
French Quarter Festival,New Orleans,LA,(504) 522-5730,,https://frenchquarterfest.org,High,Call FQFI at (504) 522-5730 to clarify Louisiana artist submission policy and 2026 application process,typical_fee_range_for_undercards,other,1,7
French Quarter Festival,New Orleans,LA,(504) 522-5730,,https://frenchquarterfest.org,High,Call FQFI at (504) 522-5730 to clarify Louisiana artist submission policy and 2026 application process,typical_fee_range_for_headliners,other,2,7
French Quarter Festival,New Orleans,LA,(504) 522-5730,,https://frenchquarterfest.org,High,Call FQFI at (504) 522-5730 to clarify Louisiana artist submission policy and 2026 application process,annual_budget_estimate,other,3,7
French Quarter Festival,New Orleans,LA,(504) 522-5730,,https://frenchquarterfest.org,High,Call FQFI at (504) 522-5730 to clarify Louisiana artist submission policy and 2026 application process,sponsorship_contact,other,4,7
French Quarter Festival,New Orleans,LA,(504) 522-5730,,https://frenchquarterfest.org,High,Call FQFI at (504) 522-5730 to clarify Louisiana artist submission policy and 2026 application process,artist_hospitality_notes,other,5,7
French Quarter Festival,New Orleans,LA,(504) 522-5730,,https://frenchquarterfest.org,High,Call FQFI at (504) 522-5730 to clarify Louisiana artist submission policy and 2026 application process,talent_buyer_name,other,6,7
French Quarter Festival,New Orleans,LA,(504) 522-5730,,https://frenchquarterfest.org,High,Call FQFI at (504) 522-5730 to clarify Louisiana artist submission policy and 2026 application process,accepts_direct_submissions,other,7,7
Satchmo SummerFest,New Orleans,LA,(504) 522-5730,,https://satchmosummerfest.org,High,Call FQFI at (504) 522-5730 to ask about Satchmo SummerFest 2026 artist submission process,typical_fee_range_for_undercards,other,1,7
Satchmo SummerFest,New Orleans,LA,(504) 522-5730,,https://satchmosummerfest.org,High,Call FQFI at (504) 522-5730 to ask about Satchmo SummerFest 2026 artist submission process,typical_fee_range_for_headliners,other,2,7
Satchmo SummerFest,New Orleans,LA,(504) 522-5730,,https://satchmosummerfest.org,High,Call FQFI at (504) 522-5730 to ask about Satchmo SummerFest 2026 artist submission process,annual_budget_estimate,other,3,7
Satchmo SummerFest,New Orleans,LA,(504) 522-5730,,https://satchmosummerfest.org,High,Call FQFI at (504) 522-5730 to ask about Satchmo SummerFest 2026 artist submission process,sponsorship_contact,other,4,7
Satchmo SummerFest,New Orleans,LA,(504) 522-5730,,https://satchmosummerfest.org,High,Call FQFI at (504) 522-5730 to ask about Satchmo SummerFest 2026 artist submission process,artist_hospitality_notes,other,5,7
Satchmo SummerFest,New Orleans,LA,(504) 522-5730,,https://satchmosummerfest.org,High,Call FQFI at (504) 522-5730 to ask about Satchmo SummerFest 2026 artist submission process,talent_buyer_name,other,6,7
Satchmo SummerFest,New Orleans,LA,(504) 522-5730,,https://satchmosummerfest.org,High,Call FQFI at (504) 522-5730 to ask about Satchmo SummerFest 2026 artist submission process,accepts_direct_submissions,other,7,7
Mid-City Bayou Boogaloo,New Orleans,LA,,,https://thebayouboogaloo.com,High,Contact via thebayouboogaloo.com to inquire about 2026 artist submissions for the 20th Anniversary edition,typical_fee_range_for_undercards,other,1,7
Mid-City Bayou Boogaloo,New Orleans,LA,,,https://thebayouboogaloo.com,High,Contact via thebayouboogaloo.com to inquire about 2026 artist submissions for the 20th Anniversary edition,typical_fee_range_for_headliners,other,2,7
Mid-City Bayou Boogaloo,New Orleans,LA,,,https://thebayouboogaloo.com,High,Contact via thebayouboogaloo.com to inquire about 2026 artist submissions for the 20th Anniversary edition,annual_budget_estimate,other,3,7
Mid-City Bayou Boogaloo,New Orleans,LA,,,https://thebayouboogaloo.com,High,Contact via thebayouboogaloo.com to inquire about 2026 artist submissions for the 20th Anniversary edition,sponsorship_contact,other,4,7
Mid-City Bayou Boogaloo,New Orleans,LA,,,https://thebayouboogaloo.com,High,Contact via thebayouboogaloo.com to inquire about 2026 artist submissions for the 20th Anniversary edition,artist_hospitality_notes,other,5,7
Mid-City Bayou Boogaloo,New Orleans,LA,,,https://thebayouboogaloo.com,High,Contact via thebayouboogaloo.com to inquire about 2026 artist submissions for the 20th Anniversary edition,talent_buyer_name,other,6,7
Mid-City Bayou Boogaloo,New Orleans,LA,,,https://thebayouboogaloo.com,High,Contact via thebayouboogaloo.com to inquire about 2026 artist submissions for the 20th Anniversary edition,accepts_direct_submissions,other,7,7
Tremé Fall Festival,New Orleans,LA,,,https://www.tremefest.org,High,Contact via tremefest.org to inquire about 2026 artist booking and submission process,typical_fee_range_for_undercards,other,1,8
Tremé Fall Festival,New Orleans,LA,,,https://www.tremefest.org,High,Contact via tremefest.org to inquire about 2026 artist booking and submission process,typical_fee_range_for_headliners,other,2,8
Tremé Fall Festival,New Orleans,LA,,,https://www.tremefest.org,High,Contact via tremefest.org to inquire about 2026 artist booking and submission process,annual_budget_estimate,other,3,8
Tremé Fall Festival,New Orleans,LA,,,https://www.tremefest.org,High,Contact via tremefest.org to inquire about 2026 artist booking and submission process,sponsorship_contact,other,4,8
Tremé Fall Festival,New Orleans,LA,,,https://www.tremefest.org,High,Contact via tremefest.org to inquire about 2026 artist booking and submission process,artist_hospitality_notes,other,5,8
Tremé Fall Festival,New Orleans,LA,,,https://www.tremefest.org,High,Contact via tremefest.org to inquire about 2026 artist booking and submission process,talent_buyer_name,other,6,8
Tremé Fall Festival,New Orleans,LA,,,https://www.tremefest.org,High,Contact via tremefest.org to inquire about 2026 artist booking and submission process,accepts_direct_submissions,other,7,8
Tremé Fall Festival,New Orleans,LA,,,https://www.tremefest.org,High,Contact via tremefest.org to inquire about 2026 artist booking and submission process,year_founded,other,8,8
Voodoo Music + Arts Experience,New Orleans,LA,,,,Low,No action; treat as defunct unless Live Nation announces revival,revival_status_confirmation,other,1,1
Mardi Gras / New Orleans Carnival Season,New Orleans,LA,,,https://www.neworleans.com/events/holidays-seasonal/mardi-gras/,High,Contact City of New Orleans Office of Tourism & Cultural Economy for list of Social Aid & Pleasure Clubs accepting second-line band bookings for 2026 Carnival season,typical_fee_range_for_undercards,other,1,5
Mardi Gras / New Orleans Carnival Season,New Orleans,LA,,,https://www.neworleans.com/events/holidays-seasonal/mardi-gras/,High,Contact City of New Orleans Office of Tourism & Cultural Economy for list of Social Aid & Pleasure Clubs accepting second-line band bookings for 2026 Carnival season,typical_fee_range_for_headliners,other,2,5
Mardi Gras / New Orleans Carnival Season,New Orleans,LA,,,https://www.neworleans.com/events/holidays-seasonal/mardi-gras/,High,Contact City of New Orleans Office of Tourism & Cultural Economy for list of Social Aid & Pleasure Clubs accepting second-line band bookings for 2026 Carnival season,annual_budget_estimate,other,3,5
Mardi Gras / New Orleans Carnival Season,New Orleans,LA,,,https://www.neworleans.com/events/holidays-seasonal/mardi-gras/,High,Contact City of New Orleans Office of Tourism & Cultural Economy for list of Social Aid & Pleasure Clubs accepting second-line band bookings for 2026 Carnival season,specific_club_contacts,other,4,5
Mardi Gras / New Orleans Carnival Season,New Orleans,LA,,,https://www.neworleans.com/events/holidays-seasonal/mardi-gras/,High,Contact City of New Orleans Office of Tourism & Cultural Economy for list of Social Aid & Pleasure Clubs accepting second-line band bookings for 2026 Carnival season,artist_hospitality_notes,other,5,5
Gonerfest,Memphis,TN,,info@goner-records.com,https://goner-records.com/pages/gonerfest,Medium,Email info@goner-records.com re: Gonerfest 2026 dates announcement and whether they accept external artist submissions or are fully curated by Goner Records roster,typical_fee_range_for_undercards,other,1,7
Gonerfest,Memphis,TN,,info@goner-records.com,https://goner-records.com/pages/gonerfest,Medium,Email info@goner-records.com re: Gonerfest 2026 dates announcement and whether they accept external artist submissions or are fully curated by Goner Records roster,typical_fee_range_for_headliners,other,2,7
Gonerfest,Memphis,TN,,info@goner-records.com,https://goner-records.com/pages/gonerfest,Medium,Email info@goner-records.com re: Gonerfest 2026 dates announcement and whether they accept external artist submissions or are fully curated by Goner Records roster,annual_budget_estimate,other,3,7
Gonerfest,Memphis,TN,,info@goner-records.com,https://goner-records.com/pages/gonerfest,Medium,Email info@goner-records.com re: Gonerfest 2026 dates announcement and whether they accept external artist submissions or are fully curated by Goner Records roster,sponsorship_contact,other,4,7
Gonerfest,Memphis,TN,,info@goner-records.com,https://goner-records.com/pages/gonerfest,Medium,Email info@goner-records.com re: Gonerfest 2026 dates announcement and whether they accept external artist submissions or are fully curated by Goner Records roster,artist_hospitality_notes,other,5,7
Gonerfest,Memphis,TN,,info@goner-records.com,https://goner-records.com/pages/gonerfest,Medium,Email info@goner-records.com re: Gonerfest 2026 dates announcement and whether they accept external artist submissions or are fully curated by Goner Records roster,accepts_direct_submissions,other,6,7
Gonerfest,Memphis,TN,,info@goner-records.com,https://goner-records.com/pages/gonerfest,Medium,Email info@goner-records.com re: Gonerfest 2026 dates announcement and whether they accept external artist submissions or are fully curated by Goner Records roster,next_edition_dates,other,7,7
Memphis Music Hall of Fame Induction Ceremony,Memphis,TN,,,https://memphismusichalloffame.com,Medium,Monitor memphismusichalloffame.com for 2026 ceremony date announcement,typical_fee_range_for_undercards,other,1,7
Memphis Music Hall of Fame Induction Ceremony,Memphis,TN,,,https://memphismusichalloffame.com,Medium,Monitor memphismusichalloffame.com for 2026 ceremony date announcement,typical_fee_range_for_headliners,other,2,7
Memphis Music Hall of Fame Induction Ceremony,Memphis,TN,,,https://memphismusichalloffame.com,Medium,Monitor memphismusichalloffame.com for 2026 ceremony date announcement,annual_budget_estimate,other,3,7
Memphis Music Hall of Fame Induction Ceremony,Memphis,TN,,,https://memphismusichalloffame.com,Medium,Monitor memphismusichalloffame.com for 2026 ceremony date announcement,sponsorship_contact,other,4,7
Memphis Music Hall of Fame Induction Ceremony,Memphis,TN,,,https://memphismusichalloffame.com,Medium,Monitor memphismusichalloffame.com for 2026 ceremony date announcement,artist_hospitality_notes,other,5,7
Memphis Music Hall of Fame Induction Ceremony,Memphis,TN,,,https://memphismusichalloffame.com,Medium,Monitor memphismusichalloffame.com for 2026 ceremony date announcement,next_edition_dates,other,6,7
Memphis Music Hall of Fame Induction Ceremony,Memphis,TN,,,https://memphismusichalloffame.com,Medium,Monitor memphismusichalloffame.com for 2026 ceremony date announcement,talent_buyer_email,other,7,7
Thacker Mountain Radio Hour,Oxford,MS,,,https://thackermountain.com,Medium,Contact via thackermountain.com to ask about guest musician booking process for Fall 2026 season,typical_fee_range_for_undercards,other,1,7
Thacker Mountain Radio Hour,Oxford,MS,,,https://thackermountain.com,Medium,Contact via thackermountain.com to ask about guest musician booking process for Fall 2026 season,typical_fee_range_for_headliners,other,2,7
Thacker Mountain Radio Hour,Oxford,MS,,,https://thackermountain.com,Medium,Contact via thackermountain.com to ask about guest musician booking process for Fall 2026 season,annual_budget_estimate,other,3,7
Thacker Mountain Radio Hour,Oxford,MS,,,https://thackermountain.com,Medium,Contact via thackermountain.com to ask about guest musician booking process for Fall 2026 season,sponsorship_contact,other,4,7
Thacker Mountain Radio Hour,Oxford,MS,,,https://thackermountain.com,Medium,Contact via thackermountain.com to ask about guest musician booking process for Fall 2026 season,artist_hospitality_notes,other,5,7
Thacker Mountain Radio Hour,Oxford,MS,,,https://thackermountain.com,Medium,Contact via thackermountain.com to ask about guest musician booking process for Fall 2026 season,talent_buyer_email,other,6,7
Thacker Mountain Radio Hour,Oxford,MS,,,https://thackermountain.com,Medium,Contact via thackermountain.com to ask about guest musician booking process for Fall 2026 season,accepts_direct_submissions,other,7,7
Natchez Festival of Music,Natchez,MS,,,https://www.natchezfestivalofmusic.com/home-page-20252026,Medium,Contact via natchezfestivalofmusic.com re: 2026 blues programming slots and how to submit artists for the spring season,typical_fee_range_for_undercards,other,1,8
Natchez Festival of Music,Natchez,MS,,,https://www.natchezfestivalofmusic.com/home-page-20252026,Medium,Contact via natchezfestivalofmusic.com re: 2026 blues programming slots and how to submit artists for the spring season,typical_fee_range_for_headliners,other,2,8
Natchez Festival of Music,Natchez,MS,,,https://www.natchezfestivalofmusic.com/home-page-20252026,Medium,Contact via natchezfestivalofmusic.com re: 2026 blues programming slots and how to submit artists for the spring season,annual_budget_estimate,other,3,8
Natchez Festival of Music,Natchez,MS,,,https://www.natchezfestivalofmusic.com/home-page-20252026,Medium,Contact via natchezfestivalofmusic.com re: 2026 blues programming slots and how to submit artists for the spring season,sponsorship_contact,other,4,8
Natchez Festival of Music,Natchez,MS,,,https://www.natchezfestivalofmusic.com/home-page-20252026,Medium,Contact via natchezfestivalofmusic.com re: 2026 blues programming slots and how to submit artists for the spring season,artist_hospitality_notes,other,5,8
Natchez Festival of Music,Natchez,MS,,,https://www.natchezfestivalofmusic.com/home-page-20252026,Medium,Contact via natchezfestivalofmusic.com re: 2026 blues programming slots and how to submit artists for the spring season,talent_buyer_name,other,6,8
Natchez Festival of Music,Natchez,MS,,,https://www.natchezfestivalofmusic.com/home-page-20252026,Medium,Contact via natchezfestivalofmusic.com re: 2026 blues programming slots and how to submit artists for the spring season,accepts_direct_submissions,other,7,8
Natchez Festival of Music,Natchez,MS,,,https://www.natchezfestivalofmusic.com/home-page-20252026,Medium,Contact via natchezfestivalofmusic.com re: 2026 blues programming slots and how to submit artists for the spring season,organizer,other,8,8
Festival Acadiens et Créoles,Lafayette,LA,,,https://festivalsacadiens.com,High,Contact via festivalsacadiens.com or CODOFIL (codofil.org) re: 2026 artist submission process for Cajun/Créole performers,typical_fee_range_for_undercards,other,1,7
Festival Acadiens et Créoles,Lafayette,LA,,,https://festivalsacadiens.com,High,Contact via festivalsacadiens.com or CODOFIL (codofil.org) re: 2026 artist submission process for Cajun/Créole performers,typical_fee_range_for_headliners,other,2,7
Festival Acadiens et Créoles,Lafayette,LA,,,https://festivalsacadiens.com,High,Contact via festivalsacadiens.com or CODOFIL (codofil.org) re: 2026 artist submission process for Cajun/Créole performers,annual_budget_estimate,other,3,7
Festival Acadiens et Créoles,Lafayette,LA,,,https://festivalsacadiens.com,High,Contact via festivalsacadiens.com or CODOFIL (codofil.org) re: 2026 artist submission process for Cajun/Créole performers,sponsorship_contact,other,4,7
Festival Acadiens et Créoles,Lafayette,LA,,,https://festivalsacadiens.com,High,Contact via festivalsacadiens.com or CODOFIL (codofil.org) re: 2026 artist submission process for Cajun/Créole performers,artist_hospitality_notes,other,5,7
Festival Acadiens et Créoles,Lafayette,LA,,,https://festivalsacadiens.com,High,Contact via festivalsacadiens.com or CODOFIL (codofil.org) re: 2026 artist submission process for Cajun/Créole performers,talent_buyer_name,other,6,7
Festival Acadiens et Créoles,Lafayette,LA,,,https://festivalsacadiens.com,High,Contact via festivalsacadiens.com or CODOFIL (codofil.org) re: 2026 artist submission process for Cajun/Créole performers,accepts_direct_submissions,other,7,7
Breaux Bridge Crawfish Festival,Breaux Bridge,LA,(337) 332-6655,,https://bbcrawfishfest.com,High,Call (337) 332-6655 re: 2026 artist booking process and Cajun/zydeco act submission,typical_fee_range_for_undercards,other,1,8
Breaux Bridge Crawfish Festival,Breaux Bridge,LA,(337) 332-6655,,https://bbcrawfishfest.com,High,Call (337) 332-6655 re: 2026 artist booking process and Cajun/zydeco act submission,typical_fee_range_for_headliners,other,2,8
Breaux Bridge Crawfish Festival,Breaux Bridge,LA,(337) 332-6655,,https://bbcrawfishfest.com,High,Call (337) 332-6655 re: 2026 artist booking process and Cajun/zydeco act submission,annual_budget_estimate,other,3,8
Breaux Bridge Crawfish Festival,Breaux Bridge,LA,(337) 332-6655,,https://bbcrawfishfest.com,High,Call (337) 332-6655 re: 2026 artist booking process and Cajun/zydeco act submission,sponsorship_contact,other,4,8
Breaux Bridge Crawfish Festival,Breaux Bridge,LA,(337) 332-6655,,https://bbcrawfishfest.com,High,Call (337) 332-6655 re: 2026 artist booking process and Cajun/zydeco act submission,artist_hospitality_notes,other,5,8
Breaux Bridge Crawfish Festival,Breaux Bridge,LA,(337) 332-6655,,https://bbcrawfishfest.com,High,Call (337) 332-6655 re: 2026 artist booking process and Cajun/zydeco act submission,talent_buyer_name,other,6,8
Breaux Bridge Crawfish Festival,Breaux Bridge,LA,(337) 332-6655,,https://bbcrawfishfest.com,High,Call (337) 332-6655 re: 2026 artist booking process and Cajun/zydeco act submission,accepts_direct_submissions,other,7,8
Breaux Bridge Crawfish Festival,Breaux Bridge,LA,(337) 332-6655,,https://bbcrawfishfest.com,High,Call (337) 332-6655 re: 2026 artist booking process and Cajun/zydeco act submission,organizer,other,8,8
Crossroads Blues Festival (Leland / Clarksdale cross-reference),Leland / Clarksdale,MS,,,,Low,See individual records for Highway 61 Blues Festival (Leland) and Crossroads Blues Festival (Clarksdale),typical_fee_range_for_undercards,other,1,5
Crossroads Blues Festival (Leland / Clarksdale cross-reference),Leland / Clarksdale,MS,,,,Low,See individual records for Highway 61 Blues Festival (Leland) and Crossroads Blues Festival (Clarksdale),typical_fee_range_for_headliners,other,2,5
Crossroads Blues Festival (Leland / Clarksdale cross-reference),Leland / Clarksdale,MS,,,,Low,See individual records for Highway 61 Blues Festival (Leland) and Crossroads Blues Festival (Clarksdale),annual_budget_estimate,other,3,5
Crossroads Blues Festival (Leland / Clarksdale cross-reference),Leland / Clarksdale,MS,,,,Low,See individual records for Highway 61 Blues Festival (Leland) and Crossroads Blues Festival (Clarksdale),artist_hospitality_notes,other,4,5
Crossroads Blues Festival (Leland / Clarksdale cross-reference),Leland / Clarksdale,MS,,,,Low,See individual records for Highway 61 Blues Festival (Leland) and Crossroads Blues Festival (Clarksdale),sponsorship_contact,other,5,5
Mighty Roots Music Festival,Clarksdale,MS,,,https://www.visitclarksdale.com,Medium,Contact Visit Clarksdale at (662) 627-6149 or crossroads@visitclarksdale.com to identify organizer and booking contact for Mighty Roots Music Festival,typical_fee_range_for_undercards,other,1,9
Mighty Roots Music Festival,Clarksdale,MS,,,https://www.visitclarksdale.com,Medium,Contact Visit Clarksdale at (662) 627-6149 or crossroads@visitclarksdale.com to identify organizer and booking contact for Mighty Roots Music Festival,typical_fee_range_for_headliners,other,2,9
Mighty Roots Music Festival,Clarksdale,MS,,,https://www.visitclarksdale.com,Medium,Contact Visit Clarksdale at (662) 627-6149 or crossroads@visitclarksdale.com to identify organizer and booking contact for Mighty Roots Music Festival,annual_budget_estimate,other,3,9
Mighty Roots Music Festival,Clarksdale,MS,,,https://www.visitclarksdale.com,Medium,Contact Visit Clarksdale at (662) 627-6149 or crossroads@visitclarksdale.com to identify organizer and booking contact for Mighty Roots Music Festival,sponsorship_contact,other,4,9
Mighty Roots Music Festival,Clarksdale,MS,,,https://www.visitclarksdale.com,Medium,Contact Visit Clarksdale at (662) 627-6149 or crossroads@visitclarksdale.com to identify organizer and booking contact for Mighty Roots Music Festival,artist_hospitality_notes,other,5,9
Mighty Roots Music Festival,Clarksdale,MS,,,https://www.visitclarksdale.com,Medium,Contact Visit Clarksdale at (662) 627-6149 or crossroads@visitclarksdale.com to identify organizer and booking contact for Mighty Roots Music Festival,talent_buyer_name,other,6,9
Mighty Roots Music Festival,Clarksdale,MS,,,https://www.visitclarksdale.com,Medium,Contact Visit Clarksdale at (662) 627-6149 or crossroads@visitclarksdale.com to identify organizer and booking contact for Mighty Roots Music Festival,accepts_direct_submissions,other,7,9
Mighty Roots Music Festival,Clarksdale,MS,,,https://www.visitclarksdale.com,Medium,Contact Visit Clarksdale at (662) 627-6149 or crossroads@visitclarksdale.com to identify organizer and booking contact for Mighty Roots Music Festival,organizer,other,8,9
Mighty Roots Music Festival,Clarksdale,MS,,,https://www.visitclarksdale.com,Medium,Contact Visit Clarksdale at (662) 627-6149 or crossroads@visitclarksdale.com to identify organizer and booking contact for Mighty Roots Music Festival,year_founded,other,9,9
Clarksdale Film & Music Festival,Clarksdale,MS,,,https://www.clarksdalefilmfestival.com,Medium,Contact via clarksdalefilmfestival.com re: 2026 (or 2027) live music booking for daily blues reception slots,typical_fee_range_for_undercards,other,1,8
Clarksdale Film & Music Festival,Clarksdale,MS,,,https://www.clarksdalefilmfestival.com,Medium,Contact via clarksdalefilmfestival.com re: 2026 (or 2027) live music booking for daily blues reception slots,typical_fee_range_for_headliners,other,2,8
Clarksdale Film & Music Festival,Clarksdale,MS,,,https://www.clarksdalefilmfestival.com,Medium,Contact via clarksdalefilmfestival.com re: 2026 (or 2027) live music booking for daily blues reception slots,annual_budget_estimate,other,3,8
Clarksdale Film & Music Festival,Clarksdale,MS,,,https://www.clarksdalefilmfestival.com,Medium,Contact via clarksdalefilmfestival.com re: 2026 (or 2027) live music booking for daily blues reception slots,sponsorship_contact,other,4,8
Clarksdale Film & Music Festival,Clarksdale,MS,,,https://www.clarksdalefilmfestival.com,Medium,Contact via clarksdalefilmfestival.com re: 2026 (or 2027) live music booking for daily blues reception slots,artist_hospitality_notes,other,5,8
Clarksdale Film & Music Festival,Clarksdale,MS,,,https://www.clarksdalefilmfestival.com,Medium,Contact via clarksdalefilmfestival.com re: 2026 (or 2027) live music booking for daily blues reception slots,talent_buyer_name,other,6,8
Clarksdale Film & Music Festival,Clarksdale,MS,,,https://www.clarksdalefilmfestival.com,Medium,Contact via clarksdalefilmfestival.com re: 2026 (or 2027) live music booking for daily blues reception slots,accepts_direct_submissions,other,7,8
Clarksdale Film & Music Festival,Clarksdale,MS,,,https://www.clarksdalefilmfestival.com,Medium,Contact via clarksdalefilmfestival.com re: 2026 (or 2027) live music booking for daily blues reception slots,organizer,other,8,8
Delta Hot Tamale Festival,Greenville,MS,,,https://visitgreenville.org,Low,Contact Visit Greenville via visitgreenville.org to identify music booking contact and confirm 2026 dates,typical_fee_range_for_undercards,other,1,10
Delta Hot Tamale Festival,Greenville,MS,,,https://visitgreenville.org,Low,Contact Visit Greenville via visitgreenville.org to identify music booking contact and confirm 2026 dates,typical_fee_range_for_headliners,other,2,10
Delta Hot Tamale Festival,Greenville,MS,,,https://visitgreenville.org,Low,Contact Visit Greenville via visitgreenville.org to identify music booking contact and confirm 2026 dates,annual_budget_estimate,other,3,10
Delta Hot Tamale Festival,Greenville,MS,,,https://visitgreenville.org,Low,Contact Visit Greenville via visitgreenville.org to identify music booking contact and confirm 2026 dates,sponsorship_contact,other,4,10
Delta Hot Tamale Festival,Greenville,MS,,,https://visitgreenville.org,Low,Contact Visit Greenville via visitgreenville.org to identify music booking contact and confirm 2026 dates,artist_hospitality_notes,other,5,10
Delta Hot Tamale Festival,Greenville,MS,,,https://visitgreenville.org,Low,Contact Visit Greenville via visitgreenville.org to identify music booking contact and confirm 2026 dates,talent_buyer_name,other,6,10
Delta Hot Tamale Festival,Greenville,MS,,,https://visitgreenville.org,Low,Contact Visit Greenville via visitgreenville.org to identify music booking contact and confirm 2026 dates,accepts_direct_submissions,other,7,10
Delta Hot Tamale Festival,Greenville,MS,,,https://visitgreenville.org,Low,Contact Visit Greenville via visitgreenville.org to identify music booking contact and confirm 2026 dates,primary_venue,other,8,10
Delta Hot Tamale Festival,Greenville,MS,,,https://visitgreenville.org,Low,Contact Visit Greenville via visitgreenville.org to identify music booking contact and confirm 2026 dates,year_founded,other,9,10
Delta Hot Tamale Festival,Greenville,MS,,,https://visitgreenville.org,Low,Contact Visit Greenville via visitgreenville.org to identify music booking contact and confirm 2026 dates,free_admission,other,10,10
Oxford American Music Issue,Conway,AR,,,https://www.oxfordamerican.org,Low,Contact Oxford American editorial team via oxfordamerican.org re: 2026 Southern Music Issue theme state and any associated listening party opportunities,typical_fee_range_for_undercards,other,1,7
Oxford American Music Issue,Conway,AR,,,https://www.oxfordamerican.org,Low,Contact Oxford American editorial team via oxfordamerican.org re: 2026 Southern Music Issue theme state and any associated listening party opportunities,typical_fee_range_for_headliners,other,2,7
Oxford American Music Issue,Conway,AR,,,https://www.oxfordamerican.org,Low,Contact Oxford American editorial team via oxfordamerican.org re: 2026 Southern Music Issue theme state and any associated listening party opportunities,annual_budget_estimate,other,3,7
Oxford American Music Issue,Conway,AR,,,https://www.oxfordamerican.org,Low,Contact Oxford American editorial team via oxfordamerican.org re: 2026 Southern Music Issue theme state and any associated listening party opportunities,sponsorship_contact,other,4,7
Oxford American Music Issue,Conway,AR,,,https://www.oxfordamerican.org,Low,Contact Oxford American editorial team via oxfordamerican.org re: 2026 Southern Music Issue theme state and any associated listening party opportunities,artist_hospitality_notes,other,5,7
Oxford American Music Issue,Conway,AR,,,https://www.oxfordamerican.org,Low,Contact Oxford American editorial team via oxfordamerican.org re: 2026 Southern Music Issue theme state and any associated listening party opportunities,2026_music_issue_theme_state,other,6,7
Oxford American Music Issue,Conway,AR,,,https://www.oxfordamerican.org,Low,Contact Oxford American editorial team via oxfordamerican.org re: 2026 Southern Music Issue theme state and any associated listening party opportunities,live_event_schedule,other,7,7
Biscuits & Jam,Clarksdale,MS,,,https://www.cathead.biz/music-calendar,Low,Check cathead.biz/music-calendar for current Biscuits & Jam listings; contact Cathead Juke Joint & Vodka directly for organizer info,typical_fee_range_for_undercards,other,1,8
Biscuits & Jam,Clarksdale,MS,,,https://www.cathead.biz/music-calendar,Low,Check cathead.biz/music-calendar for current Biscuits & Jam listings; contact Cathead Juke Joint & Vodka directly for organizer info,typical_fee_range_for_headliners,other,2,8
Biscuits & Jam,Clarksdale,MS,,,https://www.cathead.biz/music-calendar,Low,Check cathead.biz/music-calendar for current Biscuits & Jam listings; contact Cathead Juke Joint & Vodka directly for organizer info,annual_budget_estimate,other,3,8
Biscuits & Jam,Clarksdale,MS,,,https://www.cathead.biz/music-calendar,Low,Check cathead.biz/music-calendar for current Biscuits & Jam listings; contact Cathead Juke Joint & Vodka directly for organizer info,sponsorship_contact,other,4,8
Biscuits & Jam,Clarksdale,MS,,,https://www.cathead.biz/music-calendar,Low,Check cathead.biz/music-calendar for current Biscuits & Jam listings; contact Cathead Juke Joint & Vodka directly for organizer info,artist_hospitality_notes,other,5,8
Biscuits & Jam,Clarksdale,MS,,,https://www.cathead.biz/music-calendar,Low,Check cathead.biz/music-calendar for current Biscuits & Jam listings; contact Cathead Juke Joint & Vodka directly for organizer info,organizer,other,6,8
Biscuits & Jam,Clarksdale,MS,,,https://www.cathead.biz/music-calendar,Low,Check cathead.biz/music-calendar for current Biscuits & Jam listings; contact Cathead Juke Joint & Vodka directly for organizer info,typical_dates,other,7,8
Biscuits & Jam,Clarksdale,MS,,,https://www.cathead.biz/music-calendar,Low,Check cathead.biz/music-calendar for current Biscuits & Jam listings; contact Cathead Juke Joint & Vodka directly for organizer info,free_admission,other,8,8
Country Blues Music Festival,Clarksdale,MS,,,https://www.visitclarksdale.com,Low,Contact Visit Clarksdale at crossroads@visitclarksdale.com or Shack Up Inn directly to identify organizer for Country Blues Music Festival at Hopson,typical_fee_range_for_undercards,other,1,10
Country Blues Music Festival,Clarksdale,MS,,,https://www.visitclarksdale.com,Low,Contact Visit Clarksdale at crossroads@visitclarksdale.com or Shack Up Inn directly to identify organizer for Country Blues Music Festival at Hopson,typical_fee_range_for_headliners,other,2,10
Country Blues Music Festival,Clarksdale,MS,,,https://www.visitclarksdale.com,Low,Contact Visit Clarksdale at crossroads@visitclarksdale.com or Shack Up Inn directly to identify organizer for Country Blues Music Festival at Hopson,annual_budget_estimate,other,3,10
Country Blues Music Festival,Clarksdale,MS,,,https://www.visitclarksdale.com,Low,Contact Visit Clarksdale at crossroads@visitclarksdale.com or Shack Up Inn directly to identify organizer for Country Blues Music Festival at Hopson,sponsorship_contact,other,4,10
Country Blues Music Festival,Clarksdale,MS,,,https://www.visitclarksdale.com,Low,Contact Visit Clarksdale at crossroads@visitclarksdale.com or Shack Up Inn directly to identify organizer for Country Blues Music Festival at Hopson,artist_hospitality_notes,other,5,10
Country Blues Music Festival,Clarksdale,MS,,,https://www.visitclarksdale.com,Low,Contact Visit Clarksdale at crossroads@visitclarksdale.com or Shack Up Inn directly to identify organizer for Country Blues Music Festival at Hopson,talent_buyer_name,other,6,10
Country Blues Music Festival,Clarksdale,MS,,,https://www.visitclarksdale.com,Low,Contact Visit Clarksdale at crossroads@visitclarksdale.com or Shack Up Inn directly to identify organizer for Country Blues Music Festival at Hopson,accepts_direct_submissions,other,7,10
Country Blues Music Festival,Clarksdale,MS,,,https://www.visitclarksdale.com,Low,Contact Visit Clarksdale at crossroads@visitclarksdale.com or Shack Up Inn directly to identify organizer for Country Blues Music Festival at Hopson,organizer,other,8,10
Country Blues Music Festival,Clarksdale,MS,,,https://www.visitclarksdale.com,Low,Contact Visit Clarksdale at crossroads@visitclarksdale.com or Shack Up Inn directly to identify organizer for Country Blues Music Festival at Hopson,year_founded,other,9,10
Country Blues Music Festival,Clarksdale,MS,,,https://www.visitclarksdale.com,Low,Contact Visit Clarksdale at crossroads@visitclarksdale.com or Shack Up Inn directly to identify organizer for Country Blues Music Festival at Hopson,next_edition_dates,other,10,10
Women in Blues Festival,Clarksdale,MS,,,https://www.visitclarksdale.com,Low,Contact Visit the Delta via visitthedelta.com to identify Women in Blues Festival organizer and booking contact,typical_fee_range_for_undercards,other,1,11
Women in Blues Festival,Clarksdale,MS,,,https://www.visitclarksdale.com,Low,Contact Visit the Delta via visitthedelta.com to identify Women in Blues Festival organizer and booking contact,typical_fee_range_for_headliners,other,2,11
Women in Blues Festival,Clarksdale,MS,,,https://www.visitclarksdale.com,Low,Contact Visit the Delta via visitthedelta.com to identify Women in Blues Festival organizer and booking contact,annual_budget_estimate,other,3,11
Women in Blues Festival,Clarksdale,MS,,,https://www.visitclarksdale.com,Low,Contact Visit the Delta via visitthedelta.com to identify Women in Blues Festival organizer and booking contact,sponsorship_contact,other,4,11
Women in Blues Festival,Clarksdale,MS,,,https://www.visitclarksdale.com,Low,Contact Visit the Delta via visitthedelta.com to identify Women in Blues Festival organizer and booking contact,artist_hospitality_notes,other,5,11
Women in Blues Festival,Clarksdale,MS,,,https://www.visitclarksdale.com,Low,Contact Visit the Delta via visitthedelta.com to identify Women in Blues Festival organizer and booking contact,talent_buyer_name,other,6,11
Women in Blues Festival,Clarksdale,MS,,,https://www.visitclarksdale.com,Low,Contact Visit the Delta via visitthedelta.com to identify Women in Blues Festival organizer and booking contact,accepts_direct_submissions,other,7,11
Women in Blues Festival,Clarksdale,MS,,,https://www.visitclarksdale.com,Low,Contact Visit the Delta via visitthedelta.com to identify Women in Blues Festival organizer and booking contact,organizer,other,8,11
Women in Blues Festival,Clarksdale,MS,,,https://www.visitclarksdale.com,Low,Contact Visit the Delta via visitthedelta.com to identify Women in Blues Festival organizer and booking contact,year_founded,other,9,11
Women in Blues Festival,Clarksdale,MS,,,https://www.visitclarksdale.com,Low,Contact Visit the Delta via visitthedelta.com to identify Women in Blues Festival organizer and booking contact,duration_days,other,10,11
Women in Blues Festival,Clarksdale,MS,,,https://www.visitclarksdale.com,Low,Contact Visit the Delta via visitthedelta.com to identify Women in Blues Festival organizer and booking contact,free_admission,other,11,11
Mardi Gras Booking Context (Second Lines),New Orleans,LA,,,,Medium,Contact City of New Orleans Office of Tourism & Cultural Economy for Social Aid & Pleasure Club directory; book brass bands 3–6 months ahead of desired Carnival 2026 dates,typical_fee_range_for_undercards,other,1,5
Mardi Gras Booking Context (Second Lines),New Orleans,LA,,,,Medium,Contact City of New Orleans Office of Tourism & Cultural Economy for Social Aid & Pleasure Club directory; book brass bands 3–6 months ahead of desired Carnival 2026 dates,typical_fee_range_for_headliners,other,2,5
Mardi Gras Booking Context (Second Lines),New Orleans,LA,,,,Medium,Contact City of New Orleans Office of Tourism & Cultural Economy for Social Aid & Pleasure Club directory; book brass bands 3–6 months ahead of desired Carnival 2026 dates,annual_budget_estimate,other,3,5
Mardi Gras Booking Context (Second Lines),New Orleans,LA,,,,Medium,Contact City of New Orleans Office of Tourism & Cultural Economy for Social Aid & Pleasure Club directory; book brass bands 3–6 months ahead of desired Carnival 2026 dates,specific_club_contact_list,other,4,5
Mardi Gras Booking Context (Second Lines),New Orleans,LA,,,,Medium,Contact City of New Orleans Office of Tourism & Cultural Economy for Social Aid & Pleasure Club directory; book brass bands 3–6 months ahead of desired Carnival 2026 dates,artist_hospitality_notes,other,5,5
